DateTime,Name,Email,Phone
2026-07-01 03:16:09,SD,TGU@VBN.com,876
2026-07-01 03:52:31,wafa,wafwaJJ@s.com,87
2026-07-01 03:55:47,asfasf,asfasf@safasf.com,123123123
2026-07-01 04:12:55,wafa,wafa232@MM.com,213123
2026-07-01 04:53:23,wafa,awfw@asfsaf.com,213123
2026-07-01 04:54:41,wafa,wafa@asfasf.com,23123123
2026-07-01 05:01:33,wafa@asfasf..com,awfwa@awda.com,23123213
2026-07-01 05:13:45,wafaw,wfafa@gsaf.com,23213213123
2026-07-01 05:18:03,wafa,asfasf@SAfasf.com,123123123
2026-07-01 05:24:47,wafa,wfaa@wafa.com,213213123
2026-07-01 05:30:43,wafa,wafa@asfasf.com,13141
2026-07-01 05:35:29,wafawf,wafwaf@asfasf.com,213123
2026-07-01 05:37:17,asfasf,asfasf@asfasf.com,214214
2026-07-01 05:41:25,wafaw,fawfwa@asfasf.com,123123123
2026-07-01 05:46:05,asfasf,asfasf@asxfasf.com,213123213
2026-07-01 05:49:28,wafaw,wafwa@asfasf.com,214214
2026-07-01 05:52:52,safasf,asfasf@asfasf.com,21213213
2026-07-01 05:53:43,asfasf,asfasf@safasd.com,213213
2026-07-01 06:05:13,safasf,asfasf@safasf.com,12312312
2026-07-01 06:05:54,safasf,asfas@safas.com,123123
2026-07-01 06:12:36,wafawf,awfawf@123123.com,123123
2026-07-01 06:13:37,WAFAWF,WAFWAF@213123.com,213123
2026-07-01 06:16:17,wafa,wafwa@sadsa.com,123123
2026-07-01 06:18:43,asfasf,asfasf@sadsad.com,123123123
2026-07-01 06:23:40,safsaf,asfsaf@asdsad.com,21312312
2026-07-01 06:25:03,asfasf,asfasf@sadasd.com,213123
2026-07-01 06:28:32,asfasf,safsa@asdasd.com,213123123
2026-07-01 06:34:11,wafa,wafa@sadasd.com,213123
2026-07-01 06:34:40,asfas,wafa@sadasd.com,213123123
2026-07-01 06:39:11,dsgsdg,sadasd@sadasd.com,234234
2026-07-01 12:12:26,wafawfawf,wafaw@asfaf.com,213123123
2026-07-01 12:14:25,asfasf,asfasf@asdasd.com,123123123
